Artist,Green,Blue,White,Black,Red,
"Kevin ""Kev"" Walker",,,,,,
Pete Venters,,,,,,
Dan Scott,,,,,,
Greg Staples,,,,,,
Christopher Moeller,,,,,,
Ron Spencer,,,,,,
Carl Critchlow,,,,,,
Svetlin Velinov,,,,,,
John Avon,,,,,,
Randy Gallegos,,,,,,
Mark Tedin,,,,,,
Steve Prescott,,,,,,
Daarken,,,,,,
Zoltan Boros,,,,,,
Terese Nielsen,,,,,,
Heather Hudson,,,,,,
Matt Cavotta,,,,,,
Karl Kopinski,,,,,,
Raymond Swanland,,,,,,
Daren Bader,,,,,,
Greg Hildebrandt,,,,,,
Chris Rahn,,,,,,
Dan Frazier,,,,,,
Wayne Reynolds,,,,,,
"Izzy ""Izzy"" Medrano",,,,,,
Nils Hamm,,,,,,
Rebecca Guay,,,,,,
Mark Zug,,,,,,
Rob Alexander,,,,,,
Scott M. Fischer,,,,,,
Volkan Baga,,,,,,
Steven Belledin,,,,,,
Slawomir Maniak,,,,,,
Alan Pollack,,,,,,
Igor Kieryluk,,,,,,
Jesper Ejsing,,,,,,
Matt Stewart,,,,,,
Jim Nelson,,,,,,
Adam Rex,,,,,,
Dave Kendall,,,,,,
Brian Snøddy,,,,,,
Paolo Parente,,,,,,
Edward P. Beard Jr.,,,,,,
Christopher Rush,,,,,,
Douglas Shuler,,,,,,
Adam Paquette,,,,,,
"Randy ""rk"" Post",,,,,,
Chippy,,,,,,
Gabor Szikszai,,,,,,
Winona Nelson,,,,,,
Anthony S. Waters,,,,,,
Anson Maddocks,,,,,,
Mark Poole,,,,,,
Wayne England,,,,,,
Jeff Miracola,,,,,,
Thomas M. Baxa,,,,,,
Donato Giancola,,,,,,
Franz Vohwinkel,,,,,,
Tim Hildebrandt,,,,,,
John Matson,,,,,,
Alex Horley-Orlandelli,,,,,,
Daniel Ljunggren,,,,,,
Jaime Jones,,,,,,
James Paick,,,,,,
Jason Felix,,,,,,
Dave Dorman,,,,,,
Johann Bodin,,,,,,
Magali Villeneuve,,,,,,
Darrell Riche,,,,,,
Seb McKinnon,,,,,,
Howard Lyon,,,,,,
Noah Bradley,,,,,,
Tony DiTerlizzi,,,,,,
Yeong-Hao Han,,,,,,
D. Alexander Gregory,,,,,,
James Ryman,,,,,,
Arnie Swekel,,,,,,
Steve Argyle,,,,,,
Lars Grant-West,,,,,,
Titus Lunter,,,,,,
Aleksi Briclot,,,,,,
Anthony Palumbo,,,,,,
David Martin,,,,,,
Michael Sutfin,,,,,,
Zack Stella,,,,,,
Clint Cearley,,,,,,
David Palumbo,,,,,,
Aaron Miller,,,,,,
Tony Szczudlo,,,,,,
Glen Angus,,,,,,
Jason Chan,,,,,,
Ryan Pancoast,,,,,,
Eric Peterson,,,,,,
Jim Murray,,,,,,
Quinton Hoover,,,,,,
Todd Lockwood,,,,,,
Mike Bierek,,,,,,
Ben Thompson,,,,,,
Tom Wänerstrand,,,,,,
Vincent Proce,,,,,,
Jason A. Engle,,,,,,
Tyler Jacobson,,,,,,
Justin Sweet,,,,,,
Warren Mahy,,,,,,
Chase Stone,,,,,,
Kaja Foglio,,,,,,
Luca Zontini,,,,,,
Tomasz Jedruszek,,,,,,
Amy Weber,,,,,,
Daniel Gelon,,,,,,
Melissa A. Benson,,,,,,
Richard Kane Ferguson,,,,,,
Victor Adame Minguez,,,,,,
Johannes Voss,,,,,,
